Package Name,App Name,App MD5,Size,App Market
cn.baohong.app,包红,463a6a371b154d942f5f2c8a1b56ebfd,128.0M,Tencent
cn.fangchan.fanzan,返赞,8552af6b5a1d0cf334e2df7a19cfcfe2,51.1M,Tencent
cn.huiqing.walkday,走路赚点钱,55f0092d5567153fa64199f86088f00e,45.0M,Tencent
cn.jxhb123.jxhb123,惊喜红包,26d56898f9e9c1316038ac7d53cc11e0,44.2M,Tencent
cn.youth.news,中青看点,8b8c1f408a872112bba5f3f26374bcf5,60.6M,Tencent
com.achievo.vipshop,唯品会,7feff28a8a0122bae39c2ddd389d1a18,102.5M,Tencent
com.app.fengyiFree,枫以视频,6169bfe49f6c234ac297e37d775bfec4,90.8M,Tencent
com.baidu.browser.apps,百度浏览器,1a499e84fb64266ce863add89ec744ad,48.7M,Tencent
com.baidu.hkvideo,好看视频极速版,315ec25373a2e056c6d4608bd62d97be,38.4M,Tencent
com.baidu.searchbox.lite,百度极速版,30914d9548dd9814461358b2da2f2ea3,36.4M,Tencent
com.baidu.searchbox.tomas,百度大字版,4a5cf2247bbef90a414a014ae6806167,57.9M,Tencent
com.bx.hbll,红包来了,a4bfdc75d1827cfc60c42a9b2a300075,35.2M,Tencent
com.cashtoutiao,惠头条,0f6791bd52cd98f57a4d21c6e3e5f55b,59.2M,Tencent
com.cashwalk,惠运动,dd996f090d1ee6c83026dded3884409c,45.7M,Tencent
com.chenglie.qhbvideo,趣红包短视频版,a7b7a354c1c02becd5aac70422c51e16,43.5M,Tencent
com.chilliv.shortvideo,辣椒短视频,40677e00a02a88aba5e0f6332a569cf1,43.9M,Tencent
com.chumeng.xsbjsb,悬赏帮极速版,c41154964c764977e042de9feec372b3,14.9M,Tencent
com.cxkj_soft.jwjbq,全民走路计步,f383fb888e7add2cf25343df7cde7ce6,24.6M,Tencent
com.dadeliu.aishuaproject,爱刷大字版,06617600a68d22dae111167abffc127d,33.8M,Tencent
com.dangdang.buy2,当当,3ccf40e2e4893ef44c87e45bcf8f9a3b,131.4M,Tencent
com.ddyhq.youhuiquan,优惠券,1bacd09ce6716ab185591a77b3634f98,15.0M,Tencent
com.dragon.read,番茄免费小说,23c721d5d93366e065e6406b4a49d429,65.8M,Tencent
com.duokan.reader,多看阅读,d5be659975ff57cc3bb3413a0f039fdd,48.1M,Tencent
com.duowan.mobile,YY,81bb44a48735c2890763413f0031dc52,107.1M,Tencent
com.eg.android.AlipayGphone,支付宝,bd626562e5ce0318b5a9f96054824ce2,115.6M,Tencent
com.fanlitejiaban,返现特价版,a530bff9d27dd01bc97badcf964eefd6,42.6M,Tencent
com.fanqian.android,818红包,c767b436ee7e65093c2e19380a1a4372,28.3M,Tencent
com.fqapps.fdsh,福袋生活,60ae16cd88aa8836216ac830ec7845f2,71.4M,Tencent
com.happycdz.zskj,充电开心赚,1b4b90892a213ba62c67b38e7de9010c,78.6M,Tencent
com.hdx.dzzq,打字赚钱,53b9dc836a9ae041cf148bd1840f763d,12.4M,Tencent
com.hk.reader,番薯免费小说,4532d550c954589068c0de0cdbcb80b4,30.4M,Tencent
com.hrz.quick,红人装极速版,5b0f2b370b89dec4a404dde88c312b27,56.1M,Tencent
com.htzq.bf,灰兔赚钱,181d74c490ede140ea460afccca51dee,70.9M,Tencent
com.huazhuan.app,花赚,d5a38947562d15922366650ed736e0e5,54.8M,Tencent
com.hupu.shihuo,识货,aa2955c50699dbc94746a72e581372ca,109.0M,Tencent
com.ifeng.news2,Ifeng_News,4be736cc00734bae65d8c516f7e561f9,71.7M,Tencent
com.ifext.news,凤凰新闻极速版,3a10fcd44f68f5312c757c7960cf94f8,97.2M,Tencent
com.ifreetalk.ftalk,派派,df74bf5f0879173cb7e22ff4359dfd4b,97.5M,Tencent
com.immomo.young,陌陌极速版,3bc0e8e73cc8579b9ef11ee44aa57c1d,97.3M,Tencent
com.jd.jdlite,京喜特价,936d0640f2ef79f9eca7885027b0f43f,20.8M,Tencent
com.jd.pingou,京喜,61e02240ca3059036edd817cf7d1e630,48.3M,Tencent
com.jielong.idiomwords,躺赚成语接龙,d3d2fb4f6c6558889f7e98e5e1b7dfd8,35.3M,Tencent
com.jifen.qukan,趣头条,b1b3d018f9a0bd41c0e758820a564f25,48.4M,Tencent
com.jingdong.app.mall,京东,2daae0537e23766d799ea3812beaf005,132.4M,Tencent
com.juejinchain.android,掘金宝,97d410549fe7abad74984ffa197cb36b,69.9M,Tencent
com.kling.hbao,快领红包短视频,5196ee071b2b8b869afbaf3bc46ef13b,37.1M,Tencent
com.kmxs.reader,七猫免费小说,c23897bdb6b56a5421baeebf0126a49e,44.5M,Tencent
com.kuaishou.kgx.novel,快手免费小说,6b6023575b2a050a26db38c953c705cf,50.7M,Tencent
com.kuaishou.nebula,快手极速版,74e1a6e4773d79078a2dde5e6e892261,52.2M,Tencent
com.ldd.redenvelope,极速红包管家,831edb5952f8406016a8ea1350a26ef2,33.7M,Tencent
com.lechuan.mdwz,米读极速版,8529687fad98785793a775ff970d138a,36.5M,Tencent
com.lehuoapp.mm,乐活,6a62c0e20556504b60221ee52ce4a6e7,53.0M,Tencent
com.leixun.taofen8,淘粉吧-省钱返利,089416bcc202a0b1abd948d20cf793cf,85.1M,Tencent
com.letv.shortvideo.android,乐见极速版,7b94e43ff52f6ff9a8a946040008866c,70.3M,Tencent
com.ljhdata.txyy,天下有约,c32fa822350940b0a07537c3c5fd80ba,75.9M,Tencent
com.lywx.yjjd.xqdy,极象赚钱,fc6e82e89ff6c3921d97cad3569d3d0a,71.3M,Tencent
com.maihan.tredian,淘最热点,2e8ff320dea2d597b5ab03b3eeae6939,22.9M,Tencent
com.mb.sheep,消方块红包极速版,a6f79a4c2c66d5c10f0b66d87a1aff62,50.0M,Tencent
com.meituan.turbo,美团极速版,54790eb775657f5afb5667b5cee16ec7,9.2M,Tencent
com.moji.mjweather.light,墨迹天气极速版,c29ee62d19ba70b2e0bc26835192fd3b,58.4M,Tencent
com.mq.red.packet,红包来了,7aaffbc14017a1dc0f304a8405db67d2,25.0M,Tencent
com.my.haoyangmao,薅羊毛,4ed8bad02fd0899bd40c18e27c8b5870,33.5M,Tencent
com.my.shengqian,省钱app,81753c30c85d3f81f579ea6522b202cf,32.7M,Tencent
com.phrase.wealth,成语财神爷,93e272a5273fbcfdf7295cb98807949e,36.6M,Tencent
com.profit.run.much,零点跑步,a2e43973f04b9702854a012f16ce6725,29.8M,Tencent
com.qinlian.sleeptreasure,睡觉宝,9074182c5c7340c8a711cae65b1e3b87,35.5M,Tencent
com.qiyi.video,爱奇艺,e59065964f109f4335dfa13567f1c5fb,101.4M,Tencent
com.qiyi.video.lite,爱奇艺极速版,d2b0e0a0924912bb4ca83827abdd640a,41.1M,Tencent
com.qq.reader,QQ阅读,4beb6ece506f81ce18fcf6c3ccd4e5c2,29.4M,Tencent
com.qsmy.walkmonkey,步多多,1504cac7044ec8aa0c008073aba6f490,48.7M,Tencent
com.quliang.video,乐趣喜刷,c441c7878ce376c5c59fd32850184bc8,47.7M,Tencent
com.qxtx.shengqianhua,省钱花,699c01355ab7c58e62025d1ccc845098,35.1M,Tencent
com.sankuai.meituan,Meituan,5f1636105441fa87bfd13ec6de21699c,78.2M,Tencent
com.sankuai.meituan.takeoutnew,美团外卖,afb54a50891985125ca360d4fd8afe9a,96.0M,Tencent
com.sankuai.youxuan,美团优选,a941f0e4ec30eba27cb923052deb8a0a,19.4M,Tencent
com.sanmiao.sound,红包视频,602a6d6199a7ba62db78dba5681be2c1,37.3M,Tencent
com.shanzhu.shortvideo,山猪短视频,1805c0fc184083d63388fefc078c3b33,51.9M,Tencent
com.slsm.kebike,树懒悬赏,62a99efb849be7d975057e195f778d63,75.0M,Tencent
com.smile.dayvideo,每日红包,c2a55cf656ef089231243dfadaf7b252,37.4M,Tencent
com.smile.gifmaker,Kuaishou,92140b7efdae5e37359b31ab09f6a059,94.4M,Tencent
com.sogou.reader.free,搜狗免费小说极速版,39da8b920c2c1594e5e7f899a076703c,52.1M,Tencent
com.songguoyhqw,赚钱联盟,8fccf33eaad83c7e3a730ea73cff5683,49.1M,Tencent
com.songheng.eastnews,东方头条,6807b27876bc5aed54386a62dde3bc8c,28.3M,Tencent
com.sqgj,省钱管家,75f8854b68ea8447139febf470416860,50.0M,Tencent
com.ss.android.article.lite,今日头条极速版,069756e99d1b2e496f381db16801aa52,37.9M,Tencent
com.ss.android.article.news,Toutiao,34bda259d75fac776f4a094bdd3da9ff,61.3M,Tencent
com.ss.android.article.video,西瓜视频,6ac9e539e86cbe95c670bd8390ea2d67,51.0M,Tencent
com.ss.android.ugc.aweme.lite,抖音极速版,31555e9c5a07260ed40606028326d56a,91.8M,Tencent
com.suning.mobile.ebuy,苏宁易购,2d0568e8611bc7fb8dbefd4f6c729c37,146.2M,Tencent
com.taobao.litetao,淘特,dfaee04fe49278ffa67e2d3af3fc4ec1,63.9M,Tencent
com.taobao.live,点淘,9c7d862cd2cb2a6d6c0450c5252696d3,168.7M,Tencent
com.taobao.taobao,淘宝,56a128fe4aae083791d171d3f8c2b988,107.6M,Tencent
com.tejia.lijin,特价,5df1701116a2ceb40843af262060d2c8,28.1M,Tencent
com.tencent.tmgp.sgxc,水果消除动森会,0c53081d4475304ceef5fddd9003e911,48.7M,Tencent
com.tkblmapp.xth,赚钱宝,3e63712dc898935be647a26cecf3e5c0,50.5M,Tencent
com.tmall.wireless,手机天猫,b42052e0c8f04e916beed51ebd199b86,229.7M,Tencent
com.ucmobile.lite,UC浏览器极速版,207e9d8e84d96ff84e4515177c4ba126,26.3M,Tencent
com.walk.bbzb,步步赚宝,08e4d1bd0cd7a9fe777a1730a1dea6dd,26.5M,Tencent
com.wjkj.loosrun,电子红包,08e3c1df81b692e927a519d410a0a5a1,158.1M,Tencent
com.wodan.xianshijian,兼客兼职,516d57a4fd70cfe2dcf80c07624a0938,65.1M,Tencent
com.ww.bubuzheng,步步挣,f137bc767783679eff09763d505ee916,37.4M,Tencent
com.xiangchen.miaoqianguan,喵钱罐,c8318d0fa8bbb4a721fb27bf32a7acfe,36.7M,Tencent
com.xiaolinghou.monkeyaq,冲榜夺金,d0f8c7a08330dd5dfe6b5b39f5db2ead,20.8M,Tencent
com.xihu.shihuimiao,实惠喵,26da1778b8dd19e5b387ac94d7ae3d02,34.1M,Tencent
com.ximalaya.ting.lite,Ximalaya Lite,3bd5af7abe75df1b5c7d13eb5f25da89,33.2M,Tencent
com.xlkj.international.sunri,Sunri,4e1c50ffd7ab291722cd98c853248ee1,73.1M,Tencent
com.xs.fm,番茄畅听,23f77d7bb950ee42340784d63224ce2d,46.4M,Tencent
com.xs.fm.lite,番茄畅听音乐版,63b56345fd018671b2cbd63375ed6081,64.4M,Tencent
com.xunmeng.pinduoduo,拼多多,8ac4a1782117c6ccd04301c9fe9a4b6c,35.1M,Tencent
com.xy.intact,每日红包短视频,63d92933acc435b61257a7735ae9224d,36.1M,Tencent
com.yaojiu.lajiao,辣椒极速版,269651edcef9b2007ab7d7789c72c95d,43.7M,Tencent
com.yhfwork.RedEnvelope,欢乐红包,a7765c15eb701b1dc2219a5e6581e054,31.7M,Tencent
com.yichen.moneyhelper,赚钱帮手,6bf932939cdb5b1e9e3eda155166356f,27.0M,Tencent
com.yiyouhui.uni,亿优惠,52ed7af3fc579fab7eaf189c053d1259,40.2M,Tencent
com.yuedong.sport,悦动圈,a703bfca39f3cd291613463a547a0ffa,290.5M,Tencent
com.yx.kxxxx2,开心消星星,ac8acb117e00a5a910295ee52fb5f3a7,65.9M,Tencent
com.yx.wsncz2,我是农场主红包版,4f551e6b6fa7fa10b2fb37e3cbff54f3,68.1M,Tencent
com.zebra.assp.cn,爱尚视频,bcf6cb81deb1287ef93ea10cf91fa21c,40.8M,Tencent
com.zhangyue.app.shortvideo,袋鼠点点短视频,85048080acf9d44335f85661dcb75663,76.4M,Tencent
com.zhuif.qbdd,走路计步器,f3acf6508e4709943810dfaa27dabb09,17.5M,Tencent
me.ele,ele.me,a36ab41efcdf850fb7b9725bf77140fd,59.0M,Tencent
org.cocos2d.gameidiom,猜成语赚钱,759aedb0aa8da1f45f8a0f32e86db1ec,78.7M,Tencent
sogou.mobile.explorer,搜狗浏览器极速版,343e59c3750fe78fe657de01206cf89f,117.2M,Tencent
vip.yunjk.yan,惠赚日记,e7566ee9caadafb00d83bcb4c365fde0,43.2M,Tencent
bcmt.wurp.ibli,日日赚钱呗,a5aca9051d6c80ea91b0e8b8dc84f519,13.9M,Huawei
cc.gara.fish.jj_fish,兼职小鱼,a5f3f42d2f1fe5bfb0a5622a4fe0856c,49.4M,Huawei
cn.jxhb123.jxsq123,惊喜红包,2eca1ac1894100823e5b86bd4ca70195,56.2M,Huawei
cn.kuwo.tingshu.lite,全民短剧,e4da87c9415146857c1e35029eb1805e,135.4M,Huawei
cn.uqu8.naojin,答题赚钱,4a74e511ee73d75b55a7a29c9d3833c9,31.6M,Huawei
cn.uqu8.wordPuzzles,点点答题赚钱,f41d469cd9fdfffaa644736461c6d101,27.5M,Huawei
cn.youth.news,中青看点,90ae06e6c9aa4cfda7b5f20baf16da2b,58.8M,Huawei
com.aaron.cgzq,猜歌赚钱,161990c2fea28e2184e7eba3e09ce145,28.8M,Huawei
com.aaron.cydd,猜猜成语赚钱,e65da6d6ba81192f479a6fa100e09f8d,32.5M,Huawei
com.aaron.ddcgzq,天天猜歌赚钱,da64e020c764f740fdf0194db2075402,29.6M,Huawei
com.aaron.guess.dsj,猜题赚钱,b5912b62885b220e63eadde299193eb5,45.0M,Huawei
com.aaron.guesszjl,猜歌点点赚钱,8c4fb65018d8616a9a96c697b61baa2a,65.2M,Huawei
com.aaron.liudehua,猜歌多多赚钱,b7ad39508b5a849a9c2ac5ae89b35ef7,27.4M,Huawei
com.allsorts.guess.chengyu,成语赚钱,c8b4a2e80b713e9d1f0c00cc2cea7e66,76.8M,Huawei
com.allsorts.guess.dachengyu,猜成语赚钱,f77a28920b886322869c7a905fda7bde,85.5M,Huawei
com.ants.guessman,猜猜达人,00a56fec4f7300dc6af897dda3aa1d03,51.2M,Huawei
com.aqkykj.cyzqj,成语赚钱记,143f58936e1761df70bdb1adf6114bf8,52.5M,Huawei
com.aqyhkj.cyzqw,成语赚钱王,6d187d76890993bce2620e1e5ba1dd32,53.8M,Huawei
com.baidu.haokan,好看视频,cc74904e3b7e808e6d2db1156ac39b87,49.4M,Huawei
com.baidu.hkvideo,好看视频极速版,0c88bf69194c0d32ad99d2f6b2f2d2cc,46.9M,Huawei
com.baidu.searchbox.lite,百度极速版,95ad3188ab2a559e24bbab75df3c7cb0,57.1M,Huawei
com.baidu.searchbox.tomas,百度畅听版,3e1c00067601ffcb461dd7175396fe2e,75.4M,Huawei
com.bbbao.shop.client.android.activity,比比宝,55009abf923b50b32d538ea37ac260e4,34.4M,Huawei
com.cat.readall,WukongBrowser,c16e58b4482dfecaac47ca7d2460c5d2,100.1M,Huawei
com.cd.today,多多充电赚钱,1846fffaaf822db669b97011cf740149,26.7M,Huawei
com.cmoney.charg,每日充电赚钱,eb37c0ba42e68efe990acf3d451fc05c,47.2M,Huawei
com.dragon.read,番茄免费小说,6725450ce6781e45a612ca9d3d8466db,67.5M,Huawei
com.easymoon.zhongren,众人好帮手,64116a3071bf0da64ca7703bfac6a2e2,28.2M,Huawei
com.eggflower.read,蛋花免费小说,86f444c4b484adbc97366bae3263cd9e,67.4M,Huawei
com.example.shengqianyu,省钱鱼,666c4cb79183d58302aa3984fc3fe7e0,50.6M,Huawei
com.ftl.rmlite,二米赚钱,5771e1dfda48569b576303d61641e637,25.7M,Huawei
com.gaamf.snail.blessing,五福小红包,7b0fb3b0d8880441baf8636dd6d165a7,18.6M,Huawei
com.gouwufanlilianmengw,购物返利联盟,da05288c5c6637a21c744eb4e890f7ba,54.2M,Huawei
com.guess.idioms,成语赚钱宝,992ca73a37f85f02b3d2a33dfa1763a8,89.8M,Huawei
com.hdx.dzzq,打字赚钱,0e38fe09c50ac087ab7c81b4024118c8,15.5M,Huawei
com.hdx.sjzq,睡觉赚钱,8cf69cd4e6a527906ebee6a134a229fc,20.4M,Huawei
com.hdx.tnwz,答题赚钱花,ac042e70e152dd2bc2d35b0c74f09fdc,21.7M,Huawei
com.ifreetalk.ftalk,派派,6e14e42406fe05866b8510a017c9e821,179.6M,Huawei
com.jd.jxj,京粉,7436ba1a538b4664ec79a021a9c8833f,19.6M,Huawei
com.jifen.qukan,趣头条,1eeca041d7d0463048507ab54d027a10,52.0M,Huawei
com.jzyd.coupon,省钱快报,f8e22e22b56a8e98aa3b2e9804a70e16,54.9M,Huawei
com.jzzq.zyjzgw,兼职赚钱养猪场,3dd2aa3322e9a8bbbbcead1070936b81,257.9M,Huawei
com.kling.hbao,快领红包短视频,d72a0c7943b32f157366d3ece65ab95d,33.9M,Huawei
com.kmxs.reader,七猫免费小说,ca885b5b12c8e532941a8fed5f8b6ab4,72.1M,Huawei
com.kuaishou.kgx.novel,快手免费小说,436a35f8f1f21fc41a54b17a012d81da,50.7M,Huawei
com.kuaishou.nebula,快手极速版,b8a5ad8cdf4a9d46699e1c16df2a05f5,63.2M,Huawei
com.laba.wcs,微差事,fafbfeb587536f6daeea27810363e486,127.5M,Huawei
com.lxtp.youzhuan,有钱赚,661e1f7add63daa11f3e8b9570da3cea,78.5M,Huawei
com.maihan.tredian,淘最热点,5aebe6afd19b30a0adcf8c7567a5151f,27.8M,Huawei
com.phoenix.read,红果免费短剧,49f0497cd16882e05e6d9b8d0f739315,70.2M,Huawei
com.qiqiao.meng,萌虎赚钱,35e0f9a80138270ecd3b800ced6cb0ec,40.0M,Huawei
com.qisi.walkstep,走路赚红包,9c8f4f79fc14930bc0ee7f058442d69c,10.6M,Huawei
com.qiyi.video.lite,爱奇艺极速版,78c11732ebb39b2074cd74a126b9bf4b,39.1M,Huawei
com.qqx.kuai,打字赚钱快,44943d4cd991348a2ae3a916d3d3e7fc,29.2M,Huawei
com.rbb.ymjz,有檬兼职,4fcfa86a93f56b1d180c1ad65cdd493d,46.0M,Huawei
com.sankuai.meituan.pai,美团拍店,7a1abef7ea0666c2424c5a5901a91c46,53.3M,Huawei
com.smile.dayvideo,每日红包,656f42473ea246db7b7f368db2f7064e,38.0M,Huawei
com.ss.android.article.lite,头条搜索极速版,ca2fc64ac41d5424d3a046c1d695001f,93.7M,Huawei
com.ss.android.article.news,Toutiao,988eda4f2affa982d5034afff956b618,97.0M,Huawei
com.ss.android.article.search,有柿,ef30ebd20656d63a4fb6dd6517072b92,73.0M,Huawei
com.ss.android.ugc.aweme.lite,抖音极速版,c077186543e5c1ab2bf2a9be8d4f34cd,131.1M,Huawei
com.ss.android.ugc.live,抖音火山版,f17f93d4b64fb2dc4d5ae0916df0116f,244.7M,Huawei
com.summercome.duoduo,多赚钱,054f40182290bedee7f68ead1a0a8b72,45.2M,Huawei
com.summercome.goldpig,金猪赚钱,9da11b71a761c90a5d0dcdbe465890ed,47.1M,Huawei
com.swjd.fastfunny,快趣赚钱,25c4534abcd2b7b91267a9afb70d9439,35.7M,Huawei
com.taige.mygold,妙看极速版,bcba76a9dafe4aa30ea084ac4fcb2ad0,53.1M,Huawei
com.taobao.idlefish,闲鱼,9b542bd72a117232f93f607bdb6a61e4,113.2M,Huawei
com.taobao.taobao,淘宝,75eca6301dc5e49a9096b9b26e482291,57.7M,Huawei
com.taomibaw,返利赚钱联盟,7e1718fc594e29a8b34fd6f3cd6c3673,49.4M,Huawei
com.together.idiomcirle,同城红包群,500f3d4f12d714f2492cfd1c0ee12580,77.0M,Huawei
com.UCMobile,UC浏览器,32db0ed5aed1a086cd056ea6fe079ed3,105.1M,Huawei
com.ucmobile.lite,UC浏览器极速版,03121f9f9be27c9dc85b09718d4ff737,108.4M,Huawei
com.viewstap.zhuandian,赚点,bf9d87bdb7612142c15c2848e9d380a6,33.2M,Huawei
com.walkig.tmeter,走路赚钱通,ab2795fec5e68614cc097453bfd7d68d,46.0M,Huawei
com.wjkj.loosrun,电子红包,b648aeb492b197bfcf223138165c7c43,141.3M,Huawei
com.wy.cyjcs,成语接财神,a9b66497fb5356139cd1f1b0358574ba,109.0M,Huawei
com.ximalaya.ting.lite,Ximalaya Lite,5c3c24edcc2888f6d15121e24552a1be,52.7M,Huawei
com.xk.qcyzq,趣成语赚钱,056002f1c15b59cf21812d8108b3ad19,106.8M,Huawei
com.xs.fm,番茄畅听,8de0e8ca1d424f77c602687ae5693c64,63.4M,Huawei
com.xy.intact,每日红包短视频,3c4c18d546f7f30760aa3fec5cfc7eac,40.3M,Huawei
com.xy.mrcd,每日充电,f5eaf3e52eff87fb34da328efc7579df,29.6M,Huawei
com.yichen.moneyhelper,赚钱帮手,25e59c1768e43212781040c95d36aaac,27.7M,Huawei
com.youju.aso.xz,闲赚,56eb1715876ac5e947167d4530a1028d,76.1M,Huawei
com.yuri.lazycat,懒猫赚钱,771b3bd743f0a884b1b7015c4c84e85d,37.5M,Huawei
com.yycl.tzvideo,红包视频,9e5f6ffb1e2e9431872b87283aa56cd2,49.4M,Huawei
com.zebra.jdsp.cn,极豆视频,182de10d8ef4e874f28bfb7064153084,39.5M,Huawei
com.zeropicky.carping.difference,找茬赚钱,189ac1cfd79deb224b06d9c3113e7ed5,60.0M,Huawei
com.zeropicky.carping.tuse,拼图赚钱,9e4757d8eeaac653f009de309889d0f0,58.8M,Huawei
com.zhangyue.app.shortvideo,袋鼠点点短视频,abb6b4f79b0f2da1ba71cfda84947301,78.2M,Huawei
com.zhimajingxuanw,芝麻鲸选,217d1ea0fe4b49af8775a37901263496,50.8M,Huawei
com.zhuif.qbdd,趣步多,4ec03b84f325a1c3489859ea871fa74e,17.5M,Huawei
com.zoulu.diandian,点点走路赚钱,f298f621566dd86d4471e0fadc96bc80,31.6M,Huawei
com.zsd.knzq,快鸟赚钱,fc939bba186d146b8b3158f1381b337b,75.8M,Huawei
com.zyjh.dxjz,大象兼职,f393c457c4b97a47ac62be3020560257,43.1M,Huawei
com.zyjh.ygjz,一瓜兼职,851dce631f9795d76f32ac43912d25b5,46.7M,Huawei
com.zyjh.ymjz,果果有钱,631ab2e3b0adbe3103027303bd862d0f,50.8M,Huawei
meit.zhuany.dian,每天赚一点,a32219a1b50892c3e5279a7076eefa43,24.7M,Huawei
qxian.sguang.zhuan,闲时赚一点,1988bac4da53ae37c38f73477e876fb4,14.0M,Huawei
sogou.mobile.explorer,搜狗浏览器极速版,4ab813fa0d273516b31ba83012da6e76,117.2M,Huawei
top.bdz.buduozhuan,步多赚走挣钱赚钱,a737a424972e447250c00ca4c91d93de,23.6M,Huawei
zhuanq.qian.jisub,赚钱了,fc77e864e00b17a1c8a0a9e4d07140dd,23.3M,Huawei
cn.uqu8.naojin,答题赚钱,e37d2403e8b0ccaff4a1e95ac12464b6,29.9M,Xiaomi
cn.uqu8.wordPuzzles,点点答题赚钱,bed66eb66577641e9464ef0889894f24,25.8M,Xiaomi
cn.uqu8.zhili,猜题赚钱,7196623c25e6d6a2b8543be6f4a3e462,47.5M,Xiaomi
cn.youth.news,中青看点,7205939179fe1cbccd5ae978054e08b0,58.1M,Xiaomi
com.aaron.guessmusic,猜歌赚钱,33f98906ae5ee150fae0951f4fcd0702,27.1M,Xiaomi
com.achievo.vipshop,唯品会,7d4fc52eee18e2bccfc40c8639ff6a23,102.8M,Xiaomi
com.baidu.hkvideo,好看视频极速版,7b5bba9512dea40439c84380311b65bc,46.9M,Xiaomi
com.baidu.searchbox.lite,百度极速版,005c60f9a611f872398fa679981c9a74,57.1M,Xiaomi
com.cqxweiza.oqgkha,开心刷视频赚钱,c11847c90de0e2700259d4a8defde3c2,54.1M,Xiaomi
com.csxx.walker,人人走路赚钱,a4ad818e6753001d8374d60baa14ebb0,28.2M,Xiaomi
com.dadeliu.datiproject,爱答,725e358c6eee00f102fe85f2a28e1117,33.0M,Xiaomi
com.dragon.read,番茄免费小说,0795c915ce853de22534db65c038433f,67.5M,Xiaomi
com.eggflower.read,蛋花免费小说,b64a0066b991e654e9c7c90951b2c605,67.4M,Xiaomi
com.fanhuan,返还网,4fa8b7d5d80a08cbb1db174320549de6,54.0M,Xiaomi
com.fread.interestingnovel,免费趣小说,6264df4053f48d0e7cfa79bf00c5b74a,41.5M,Xiaomi
com.ftl.rmlite,一米赚钱,7263e3164c67e365cdc2951146f181f7,25.2M,Xiaomi
com.fzjclyi.scfalf,走路赚钱挣,533d04e781dd29aed2a787219d4aad17,51.5M,Xiaomi
com.htzq.bf,灰兔赚钱,05c300309bec324596dbb0746eacda2d,78.6M,Xiaomi
com.hupu.shihuo,识货,752bd739eff48edc42ca21920dd444cd,95.1M,Xiaomi
com.hzhyuan.zlzqniu,人人走路管家,dedc51a281aef07fc7600194645c198c,30.9M,Xiaomi
com.ifreetalk.ftalk,派派,ab7fc744da51696d1198001ac6e3ab87,179.6M,Xiaomi
com.jd.app.reader,京东读书,b8b4d0766e9e41ae9a657189e06f8b4c,49.0M,Xiaomi
com.jd.jdlite,京东特价版,01a81f8e7670796465d709f239009e6c,25.9M,Xiaomi
com.jifen.qukan,趣头条,8f9835db89eda267a69ef100909a877a,52.0M,Xiaomi
com.jingdong.app.mall,京东,62fab90dcdccadb599516174cf57828f,109.0M,Xiaomi
com.jz.xydj,星芽免费短剧,e68d990aa9895cafd00c587b0a27bf8e,59.7M,Xiaomi
com.jzzq.zyjzgw,兼职赚钱养猪场,100ef79347090828e6a9b897bf562a8b,257.9M,Xiaomi
com.kh.xxjz,闲侠兼职,89cc0dfbbd27defc4369c5b759cb29ff,133.6M,Xiaomi
com.kmxs.reader,七猫免费小说,02f071fa5efb38f8cfe51e8b305be74d,72.1M,Xiaomi
com.kuaidastudy.abcda,快答赚钱,441dd0e1e4f9709cc0ab3728c8f8f58e,23.7M,Xiaomi
com.kuaishou.kgx.novel,快手免费小说,7126ff86081dea1cd6699bd559cddb00,50.6M,Xiaomi
com.kuaishou.nebula,快手极速版,70c57f7474b39800073595d285ad20a6,66.4M,Xiaomi
com.lechuan.mdwz,米读极速版,cdb4de3b497f39a81029a77522c46680,68.4M,Xiaomi
com.lehuoapp.mm,乐活,f09923c3048278f8a8c7b09bca662439,66.9M,Xiaomi
com.leixun.taofen8,淘粉吧,a60090e99aeb37a11bb145b3a5f154f8,84.4M,Xiaomi
com.lucky.luckyclient,瑞幸咖啡,f7886055e83ad9b3eedcb2af4ec3ab17,41.6M,Xiaomi
com.maihan.tredian,淘最热点,dafbba852e65aa7650b4dc68d768726e,27.8M,Xiaomi
com.martian.ttbook,淘小说,efbef492df6fcb13e77756e2cb01be53,26.6M,Xiaomi
com.martian.ttbookhd,免费淘小说,d7ac1403d1d54a5daa648ebc42f77fca,28.6M,Xiaomi
com.moji.mjweather.light,墨迹天气极速版,3b2e1e58340b0abe1647cf128ecb8c9d,27.3M,Xiaomi
com.mptqv.jrwk,走路赚钱宝,ff616a257fb73e5a9c6cc7539ce5d1d3,41.8M,Xiaomi
com.nd.android.pandareader.fast,熊猫看书极速版,25e2f63d1fb7bfeefc5712d1003eae2a,29.4M,Xiaomi
com.nxeran.zlzql,走路赚钱来,5ed784ecedb2f69b1bfecc8d72abeca3,41.6M,Xiaomi
com.phoenix.read,红果免费短剧,151ba6515966de2cc78f5fde5e9cf6b1,70.2M,Xiaomi
com.qisi.walkstep,走路赚红包,c21d3900a2eb7b367fb0eeadccc2a5af,10.6M,Xiaomi
com.qiyi.video.lite,爱奇艺极速版,d16b4ae02f6f8751a5494042bd1fc661,38.9M,Xiaomi
com.qq.reader,QQ阅读,db0e93d9c4ea21ddc07f638470af6c8b,107.3M,Xiaomi
com.qqx.dati,答题赚钱练,e4375b3fee19b7cc0dc6b46ee1dc18bf,29.6M,Xiaomi
com.qqx.kuai,打字赚钱快,53d5a6e241fc4e422dd54600403dadee,29.2M,Xiaomi
com.qqx.new_stepn,走步走路赚钱,4a027d41a8f071b7bc32470e4277db0e,30.3M,Xiaomi
com.qsmy.walkmonkey,步多多,28b4cb010475201af77e17d91ca1c8ad,57.7M,Xiaomi
com.ragou.cbsblh,充电赚钱挣,d2863046604a6e37226c6474366e8088,47.3M,Xiaomi
com.rqtech.fkkxx.mi,方块开心消,5ea90d457dc8c89ab37f7c40b73ffc3a,48.8M,Xiaomi
com.rqtech.jdppl.mi,经典拼拼乐,bc4477c7024a63e1f94a4f683431493d,51.7M,Xiaomi
com.rt.market.fresh,大润发优鲜,0397019e491fc2cc59536c4ff74a87d4,61.0M,Xiaomi
com.sakura.mzlite,米多赚钱,502e25f4396e84c1069553b78a9b024f,25.9M,Xiaomi
com.sankuai.meituan.takeoutnew,美团外卖,6c72a788c97b4628df99e68271ee8cdd,59.5M,Xiaomi
com.sankuai.youxuan,美团优选,3cca2a12436dad36dc41de4b70fc7d65,19.4M,Xiaomi
com.sdlm.svideo,快闪免费短剧,4e1277c44d30bfde73ba25e3bbcf1fdb,112.7M,Xiaomi
com.sevenVideo.app.android,七七影视大全,94b0d1247775a9f4ed8a158d419aa780,41.5M,Xiaomi
com.sfacg.comic,菠萝包漫画,04d554fed266dabe864227135ef20d5c,51.9M,Xiaomi
com.slkj.paotui.customer,UU跑腿,8f46c5eddbb2e49b12ba8443202912f9,92.3M,Xiaomi
com.ss.android.article.lite,头条搜索极速版,456ca97937635f503d4ee87a4c8dcb60,93.7M,Xiaomi
com.ss.android.ugc.aweme.lite,抖音极速版,877ce1f6fd2960156b95bbb0587d0e13,131.1M,Xiaomi
com.ss.android.ugc.live,抖音火山版,e12cde4116ca4d51409df12036aea928,244.7M,Xiaomi
com.taige.mygold,妙看极速版,b65f1c608400d0edf68636e491612b0f,45.1M,Xiaomi
com.taobao.litetao,淘宝特价版,019b2b336471a0817df89bb6e0da54a2,49.3M,Xiaomi
com.taobao.live,点淘,a43bd93ef2e05bd63ce59c105b964f9e,116.2M,Xiaomi
com.taobao.taobao,淘宝,7eb746cd8771ba07af74a3a4234a4652,57.7M,Xiaomi
com.tmall.wireless,手机天猫,1c55ae07b76411b2a6222fd6d9a53d7e,138.7M,Xiaomi
com.ucmobile.lite,UC浏览器极速版,9f04da9bbdee0fe370d5d0bc12f23244,108.4M,Xiaomi
com.viewstap.zhuandian,赚点,ad9ccd092429f870728e514a6ca7a2e7,33.2M,Xiaomi
com.waimaiii.waimaiii,歪麦霸王餐,20df82d2d30f4b5d725d37beb2ea9247,54.9M,Xiaomi
com.walkig.tmeter,走路赚钱通,307f6457678e7de617c30a5f85c7653b,49.5M,Xiaomi
com.weigu.youmi,U米兼职,4d9e3a0509a72c92831072dc87581b4f,32.2M,Xiaomi
com.wifi.reader,连尚读书,becdf91ed3185aaa3422983432fd7cb7,79.7M,Xiaomi
com.wifi.reader.free,连尚免费读书,2484c844d47260f4037493bea435e63c,79.7M,Xiaomi
com.ximalaya.ting.lite,Ximalaya Lite,92eb531209d63849fe542d005011863e,52.7M,Xiaomi
com.xs.fm,番茄畅听,78b0b7e45293cbd17d1921787c9ccac6,63.4M,Xiaomi
com.xs.fm.lite,番茄畅听音乐版,5d4200f5d91a0f4f3cf105c3bb362d2c,66.4M,Xiaomi
com.xunmeng.pinduoduo,拼多多,5fe9ac42e5865257aaad942cad2c06c6,25.5M,Xiaomi
com.yaya.zone,叮咚买菜,b730f149e8bd1820a7975ea0926be194,67.1M,Xiaomi
com.yichen.moneylite,赚钱帮手,9839bef206be1fb3e94356684a1cc99c,26.9M,Xiaomi
com.yycl.tzvideo,红包视频,e4d908777a21a64678b68acc4f79c008,49.3M,Xiaomi
com.zdwh.wwdz,玩物得志,edd5b316c15c379db42c370db5ba494f,62.5M,Xiaomi
com.zebra.assp.cn,爱尚视频,bcf6cb81deb1287ef93ea10cf91fa21c,40.8M,Xiaomi
com.zebra.jdsp.cn,极豆视频,b5fee58b801c98ed3437c062c346ea7f,39.5M,Xiaomi
com.zhangyue.app.shortvideo,袋鼠点点短视频,dbadb850a25ec33965b453630e9de033,78.2M,Xiaomi
com.zyjh.dxjz,大象兼职,b56eff33e474bc3aa5cad2c1a9db3b3b,43.1M,Xiaomi
com.zyjh.ymjz,果果有钱-兼职赚钱,b55282ba78ed7bd2fec2177f9ab6e8fa,50.8M,Xiaomi
drama.dachuangnanningltd.home,免费短剧之家,2441dcb66beeb1a7dbab65325918e9aa,48.9M,Xiaomi
me.ele,ele.me,ff8650f29f38bc5e352a70401ac2ba57,63.6M,Xiaomi
sogou.mobile.explorer,搜狗浏览器极速版,922d603d625720264be9a4a7fb9d90eb,117.2M,Xiaomi
com.alibaba.aliexpresshd,AliExpress,fd929975991441b185ddb821145527e1,136.9M,Google Play
com.baidu.searchbox,百度,c74ee002b83dfd593aceeff50e9b3b3a,129.6M,Google Play
com.banggood.client,Banggood,47e5266435a4b3fa20d951907918f108,32.1M,Google Play
com.bintiger.mall.android,拜托拜托,d710b5fe873eccad513742f5f7c90e5a,95.2M,Google Play
com.eg.android.AlipayGphone,支付宝,19dd1cffb3c7472161bdf1f4067d452c,97.0M,Google Play
com.gimmatek.hahago.aha,HAHAGO,5b5cd735bc56f9adbf767d9d157846c1,143.3M,Google Play
com.goreadnovel,绿柠小说大全,fc33b9f555593d631a74b760e3149b5a,18.6M,Google Play
com.happy.happywalk,Make Money,4d23e6bcf2a0bf7ad5bf199786f992b2,32.1M,Google Play
com.ifeng.news2gp2,凤凰新闻海外版,2c0bb0298bd9c44b6417b080d07f2332,111.4M,Google Play
com.jingdong.app.mall,京东,74c564b14a2413b16e5ad6661afa0825,90.8M,Google Play
com.suiyuexiaoshuo,随阅小说大全,3896024620e92dcbe83d65685d5e1fd4,20.0M,Google Play
com.taobao.htao.android,淘宝Lite,17902f87325f118334b1094053cadf10,70.0M,Google Play
com.taobao.taobao,淘宝,ccd3fb6c917f9228f8906832e22f62e6,151.0M,Google Play
com.xvideostudio.videoeditor,乐秀视频编辑器,c286c36ded78804a149e54e369fa731b,51.8M,Google Play
com.zhangyue.read,iReader,4129c02d57b24161929975491430f628,39.6M,Google Play
dmw.xsdq.app,小说大全,8533eb3c1e72955304dd992c92da533f,15.9M,Google Play
